,y
0,0.072842268
1,0.075480164
2,0.07204182
3,0.602645594
4,0.139681035
5,0.083943714
6,0.259597595
7,0.464077752
8,0.583810808
9,0.123691624
10,0.209616752
11,0.259597595
12,0.590961641
13,0.623509978
14,0.209616752
15,0.246065684
16,0.123956795
17,0.429841115
18,0.147628774
19,0.093049271
20,0.153262238
21,0.209616752
22,0.595119073
23,0.490665601
24,0.390989834
25,0.215270014
26,0.083410913
27,0.278989507
28,0.607728967
29,0.209616752
30,0.116430591
31,0.098212406
32,0.62933971
33,0.451415524
34,0.427554165
35,0.259597595
36,0.209212413
37,0.645742682
38,0.084078288
39,0.140826367
40,0.248255365
41,0.560121747
42,0.086132459
43,0.150763575
44,0.607326879
45,0.177279738
46,0.106911144
47,0.092507417
48,0.603606534
49,0.112686379
50,0.072913927
51,0.070999592
52,0.62732915
53,0.669429487
54,0.133341056
55,0.622942076
56,0.487018786
57,0.203666432
58,0.07525538
59,0.072290415
60,0.089603109
61,0.065915127
62,0.209616752
63,0.227082618
64,0.604110608
65,0.611143323
66,0.127035079
67,0.424373721
68,0.209212413
69,0.088463209
70,0.633929609
71,0.573355746
72,0.205617539
73,0.086765843
74,0.259597595
75,0.090866596
76,0.207926226
77,0.065882962
78,0.459126885
79,0.608457199
80,0.113079113
81,0.045558862
82,0.535385897
83,0.109915875
84,0.192648827
85,0.140320512
86,0.075145009
87,0.131267619
88,0.07744015
89,0.084749209
90,0.259597595
91,0.207926226
92,0.608994622
93,0.209616752
94,0.259597595
95,0.06508984
96,0.067729611
97,0.116323487
98,0.081561268
99,0.605797473
100,0.119191627
101,0.259597595
102,0.084045132
103,0.077399829
104,0.118353631
105,0.126499555
106,0.064554724
107,0.070720712
108,0.25495586
109,0.445207839
110,0.103246782
111,0.072842268
112,0.101762453
113,0.612575778
114,0.490665601
115,0.209212413
116,0.130524387
117,0.209616752
118,0.612614427
119,0.086935449
120,0.077338952
121,0.209212413
122,0.066442267
123,0.652884291
124,0.489397972
125,0.447447389
126,0.088417312
127,0.115903299
128,0.089750214
129,0.101525954
130,0.102244336
131,0.067949585
132,0.223957856
133,0.103858484
134,0.209616752
135,0.259597595
136,0.333648254
137,0.604182124
138,0.572475573
139,0.082811826
140,0.229490994
141,0.084753401
142,0.624230002
143,0.130668208
144,0.209616752
145,0.621992927
146,0.621126075
147,0.117136994
148,0.207926226
149,0.095215756
150,0.084958103
151,0.155890178
152,0.259597595
153,0.487018786
154,0.072154649
155,0.070138835
156,0.07204182
157,0.102119736
158,0.088604241
159,0.244812369
160,0.072154649
161,0.072913927
162,0.079011192
163,0.216599004
164,0.083397233
165,0.090637
166,0.614208265
167,0.603357225
168,0.625981909
169,0.636723266
170,0.070999592
171,0.265250857
172,0.612346129
173,0.085194715
174,0.091060735
175,0.088070834
176,0.068558625
177,0.544488472
178,0.092478617
179,0.209616752
180,0.490665601
181,0.092377803
182,0.227082618
183,0.143320412
184,0.265250857
185,0.601343536
186,0.400580495
187,0.259597595
188,0.259597595
189,0.138061422
190,0.131228967
191,0.265250857
192,0.259597595
193,0.087873351
194,0.10790818
195,0.067097282
196,0.0591448
197,0.092132499
198,0.066860044
199,0.067607966
200,0.084398151
201,0.066030631
202,0.084520282
203,0.136786231
204,0.576280127
205,0.631321374
206,0.119191627
207,0.070999592
208,0.595093561
209,0.354181941
210,0.580720416
211,0.63090262
212,0.109214237
213,0.076637485
214,0.241353725
215,0.607558931
216,0.120896294
217,0.600797625
218,0.412652393
219,0.371500044
220,0.067942511
221,0.089695083
222,0.209616752
223,0.230440451
224,0.597739521
225,0.448854653
226,0.227082618
227,0.130318539
228,0.209616752
229,0.076773188
230,0.259597595
231,0.209616752
232,0.103626731
233,0.078523058
234,0.147628774
235,0.413920022
236,0.209616752
237,0.131074738
238,0.209212413
239,0.545806929
240,0.259597595
241,0.259597595
242,0.067297865
243,0.082610119
244,0.588590268
245,0.100462875
246,0.612319948
247,0.209212413
248,0.090296431
249,0.084520282
250,0.099821648
251,0.587263048
252,0.615903041
253,0.087362135
254,0.261282721
255,0.662554446
256,0.209616752
257,0.591599165
258,0.206992565
259,0.083015756
260,0.156216171
261,0.088387065
262,0.26114397
263,0.259597595
264,0.286038511
265,0.610561179
266,0.139896342
267,0.155809802
268,0.607411036
269,0.083765176
270,0.631167547
271,0.086075683
272,0.059704343
273,0.068558625
274,0.08382696
275,0.072665332
276,0.072064938
277,0.500308167
278,0.129721792
279,0.122584127
280,0.613527334
281,0.375429763
282,0.621889677
283,0.426704121
284,0.055796585
285,0.077443247
286,0.225247969
287,0.07147999
288,0.259597595
289,0.295131958
290,0.619861486
291,0.476585581
292,0.082216078
293,0.621970695
294,0.606106258
295,0.485751157
296,0.209616752
297,0.099821648
298,0.109817662
299,0.139517502
300,0.084958103
301,0.067209953
302,0.415260247
303,0.065942226
304,0.089268564
305,0.626382909
306,0.259597595
307,0.487018786
308,0.596115787
309,0.209616752
310,0.587762249
311,0.259597595
312,0.080181485
313,0.620937162
314,0.44394021
315,0.072665332
316,0.381014006
317,0.122806533
318,0.246065684
319,0.109406066
320,0.450147895
321,0.605908485
322,0.623999899
323,0.261741233
324,0.247426667
325,0.084752413
326,0.489756353
327,0.113850921
328,0.092610707
329,0.464077752
330,0.259597595
331,0.210769293
332,0.209212413
333,0.21089754
334,0.090866596
335,0.08860119
336,0.072636532
337,0.411200648
338,0.488488724
339,0.420127708
340,0.122925778
341,0.482839706
342,0.096721299
343,0.091211351
344,0.567576012
345,0.645248211
346,0.259597595
347,0.080968039
348,0.067464143
349,0.180074799
350,0.102521731
351,0.117057592
352,0.597946277
353,0.088727456
354,0.129299437
355,0.259597595
356,0.161176789
357,0.259597595
358,0.108748336
359,0.259597595
360,0.259597595
361,0.092507417
362,0.059969595
363,0.294766088
364,0.083015756
365,0.412652393
366,0.187183946
367,0.071231395
368,0.09790734
369,0.100496916
370,0.596696992
371,0.08253502
372,0.129302867
373,0.0591448
374,0.608957518
375,0.07698469
376,0.155661213
377,0.085625478
378,0.628490078
379,0.647199423
380,0.487018786
381,0.176549312
382,0.083410913
383,0.613500329
384,0.083765176
385,0.090841677
386,0.111024355
387,0.105130488
388,0.209616752
389,0.090055929
390,0.07664563
391,0.066520984
392,0.099940022
393,0.602553866
394,0.080550262
395,0.08597974
396,0.097680007
397,0.209212413
398,0.209616752
399,0.489756353
400,0.092166953
401,0.133826751
402,0.083410913
403,0.25386889
404,0.078243102
405,0.088123094
406,0.238343632
407,0.122011893
408,0.06678005
409,0.209616752
410,0.152772944
411,0.076085492
412,0.089709811
413,0.227082618
414,0.143557516
415,0.08537571
416,0.143456591
417,0.259597595
418,0.220159244
419,0.428573486
420,0.173982252
421,0.225247969
422,0.128202459
423,0.122379742
424,0.113824794
425,0.072665332
426,0.084520282
427,0.599973963
428,0.212711653
429,0.258031686
430,0.235293779
431,0.144803214
432,0.209616752
433,0.581858673
434,0.109897989
435,0.055796585
436,0.259597595
437,0.470685407
438,0.490665601
439,0.209616752
440,0.224473709
441,0.261282721
442,0.489756353
443,0.095931201
444,0.075145009
445,0.592524712
446,0.265250857
447,0.139127467
448,0.488488724
449,0.487018786
450,0.614895036
451,0.136679363
452,0.487018786
453,0.239527787
454,0.087367268
455,0.209616752
456,0.084078288
457,0.097561196
458,0.227082618
459,0.0591448
460,0.207926226
461,0.596175652
462,0.61528677
463,0.089201977
464,0.620358158
465,0.623212259
466,0.207926226
467,0.099980235
468,0.60104467
469,0.114049156
470,0.485751157
471,0.212711653
472,0.451415524
473,0.617238728
474,0.259597595
475,0.179172547
476,0.169516871
477,0.07698469
478,0.209616752
479,0.147628774
480,0.130115977
481,0.259597595
482,0.613369138
483,0.610287583
484,0.085813693
485,0.626798189
486,0.596871221
487,0.568093438
488,0.072842268
489,0.605438059
490,0.129240839
491,0.259597595
492,0.072290415
493,0.209616752
494,0.590653508
495,0.112414652
496,0.07147999
497,0.259597595
498,0.439972074
499,0.489756353
500,0.1037425
501,0.403769389
502,0.305208869
503,0.619356986
504,0.087795476
505,0.209616752
506,0.594227124
507,0.608060044
508,0.225247969
509,0.209616752
510,0.104313331
511,0.178452438
512,0.666529595
513,0.132654057
514,0.13158571
515,0.081165313
516,0.140428087
517,0.076222032
518,0.07698469
519,0.090296431
520,0.108269342
521,0.265250857
522,0.066860044
523,0.30127915
524,0.549215584
525,0.615701578
526,0.095990825
527,0.090912708
528,0.255966329
529,0.072154649
530,0.068283079
531,0.090186918
532,0.154881266
533,0.068751487
534,0.259597595
535,0.104480488
536,0.057497668
537,0.68197531
538,0.096811539
539,0.07037608
540,0.259597595
541,0.603598905
542,0.255966329
543,0.126301586
544,0.090055929
545,0.098194162
546,0.620171022
547,0.113280082
548,0.092949929
549,0.078544459
550,0.448854653
551,0.426704121
552,0.353684971
553,0.10111907
554,0.227082618
555,0.129334234
556,0.072218756
557,0.257348685
558,0.103778935
559,0.077687901
560,0.209616752
561,0.259597595
562,0.151322198
563,0.611431935
564,0.141687907
565,0.259597595
566,0.162070171
567,0.618329838
568,0.209616752
569,0.487018786
570,0.13563854
571,0.259597595
572,0.095648248
573,0.088434584
574,0.084520282
575,0.336802546
576,0.259597595
577,0.083765176
578,0.102465435
579,0.631036406
580,0.602565705
581,0.618330735
582,0.087338775
583,0.161042595
584,0.099875207
585,0.613529845
586,0.259597595
587,0.068034484
588,0.06932631
589,0.154841493
590,0.209616752
591,0.259597595
592,0.259597595
593,0.622471486
594,0.199741159
595,0.365556334
596,0.489756353
597,0.066796529
598,0.100239146
599,0.256374573
600,0.086507295
601,0.482839706
602,0.207926226
603,0.125426891
604,0.079488163
605,0.209616752
606,0.633718529
607,0.067886089
608,0.133214267
609,0.574484022
610,0.076229583
611,0.083765176
612,0.219485033
613,0.619479918
614,0.140380765
615,0.128619814
616,0.209616752
617,0.073260044
618,0.215270014
619,0.09602712
620,0.207926226
621,0.077338952
622,0.487018786
623,0.259597595
624,0.068776762
625,0.104190053
626,0.608286602
627,0.627494173
628,0.078590315
629,0.067297865
630,0.100448445
631,0.608597866
632,0.134028936
633,0.076961602
634,0.259597595
635,0.0591448
636,0.622677307
637,0.489756353
638,0.131397546
639,0.067097282
640,0.117067851
641,0.609784925
642,0.084264781
643,0.083145235
644,0.61505593
645,0.071231395
646,0.418860079
647,0.11809014
648,0.141267536
649,0.209616752
650,0.607642269
651,0.413920022
652,0.144901463
653,0.076784666
654,0.093866273
655,0.099821648
656,0.088141185
657,0.079369601
658,0.058452298
659,0.151504183
660,0.072913927
661,0.092838085
662,0.617281529
663,0.066715683
664,0.05617403
665,0.085187657
666,0.246065684
667,0.098000638
668,0.569391375
669,0.084520282
670,0.489397972
671,0.09544552
672,0.144609038
673,0.101315586
674,0.697881529
675,0.084958103
676,0.645514105
677,0.068558625
678,0.612575602
679,0.114762214
680,0.099940022
681,0.62420989
682,0.079047479
683,0.079230886
684,0.473120574
685,0.507595209
686,0.073989953
687,0.615192884
688,0.209616752
689,0.066880088
690,0.579660533
691,0.586725267
692,0.227082618
693,0.072636532
694,0.15015659
695,0.085337036
696,0.085817704
697,0.084078288
698,0.209616752
699,0.207926226
700,0.140596333
701,0.119940155
702,0.428806922
703,0.070332962
704,0.084264781
705,0.113098873
706,0.090102682
707,0.084442657
708,0.146125957
709,0.07037608
710,0.485751157
711,0.084086027
712,0.61279182
713,0.488488724
714,0.087667952
715,0.207926226
716,0.620982626
717,0.553475793
718,0.085337036
719,0.088260621
720,0.075836897
721,0.259597595
722,0.068558625
723,0.232169016
724,0.101854357
725,0.066512839
726,0.612312382
727,0.439513573
728,0.067690012
729,0.292019623
730,0.154267656
731,0.215270014
732,0.195660188
733,0.077033261
734,0.618851709
735,0.579809889
736,0.211301879
737,0.227082618
738,0.567826561
739,0.613455095
740,0.072154649
741,0.612680596
742,0.209616752
743,0.059704343
744,0.146456074
745,0.086840581
746,0.604937819
747,0.209212413
748,0.100105578
749,0.100607396
750,0.065750675
751,0.134215086
752,0.177279738
753,0.595872193
754,0.610997204
755,0.114842375
756,0.248255365
757,0.087213631
758,0.08382696
759,0.217083418
760,0.083410913
761,0.560432984
762,0.623917857
763,0.539227903
764,0.146502462
765,0.258314157
766,0.083410913
767,0.627624557
768,0.090637
769,0.119438461
770,0.145469428
771,0.089969625
772,0.074160602
773,0.209616752
774,0.091452755
775,0.153272241
776,0.067713131
777,0.093187621
778,0.072913927
779,0.617824878
780,0.167459585
781,0.090218164
782,0.066384893
783,0.639714927
784,0.091996733
785,0.595138775
786,0.65485716
787,0.216599004
788,0.087007872
789,0.629150243
790,0.614789808
791,0.577291934
792,0.088784933
793,0.077033261
794,0.259597595
795,0.085573984
796,0.209616752
797,0.087478879
798,0.191478541
799,0.65851986
800,0.089451004
801,0.082912715
802,0.209616752
803,0.575562746
804,0.09210261
805,0.141553465
806,0.435525763
807,0.067886089
808,0.072154649
809,0.583484235
810,0.209616752
811,0.548198795
812,0.078636374
813,0.141453584
814,0.209465193
815,0.138611196
816,0.113673046
817,0.600756572
818,0.630385514
819,0.259597595
820,0.610493648
821,0.099638314
822,0.618670603
823,0.073394187
824,0.128355939
825,0.174100749
826,0.058427794
827,0.443001077
828,0.115392582
829,0.619652095
830,0.259597595
831,0.084086027
832,0.105483912
833,0.227082618
834,0.106967545
835,0.114346263
836,0.082790973
837,0.069565655
838,0.11333269
839,0.59347358
840,0.601706197
841,0.082659183
842,0.091826182
843,0.081475783
844,0.246065684
845,0.085947294
846,0.259597595
847,0.105112888
848,0.111047852
849,0.390006544
850,0.209616752
851,0.614139388
852,0.066974908
853,0.255966329
854,0.076737779
855,0.420127708
856,0.160124346
857,0.592381645
858,0.43348793
859,0.268279129
860,0.067267398
861,0.084398151
862,0.227082618
863,0.093246302
864,0.209616752
865,0.070412056
866,0.147917665
867,0.120323529
868,0.072154649
869,0.346337898
870,0.084610898
871,0.066884379
872,0.227082618
873,0.091015933
874,0.604986352
875,0.076784666
876,0.462100165
877,0.078243102
878,0.09649102
879,0.654541205
880,0.095838588
881,0.207926226
882,0.155749145
883,0.656274884
884,0.085337036
885,0.489397972
886,0.072290415
887,0.488488724
888,0.179162782
889,0.081711541
890,0.239527787
891,0.589566571
892,0.259597595
893,0.229133244
894,0.084958103
895,0.209616752
896,0.639350801
897,0.443201392
898,0.209616752
899,0.480109273
900,0.082255857
901,0.084310867
902,0.209616752
903,0.482067919
904,0.484114469
905,0.134406636
906,0.095933113
907,0.081176008
908,0.259597595
909,0.093102129
910,0.146456074
911,0.259597595
912,0.075214486
913,0.126408628
914,0.08382696
915,0.065355518
916,0.435525763
917,0.08452734
918,0.486284989
919,0.622982547
920,0.259597595
921,0.084520282
922,0.086582007
923,0.073418931
924,0.450147895
925,0.092132499
926,0.147949405
927,0.227082618
928,0.087896146
929,0.136639923
930,0.20268307
931,0.292576407
932,0.589350527
933,0.209212413
934,0.122965952
935,0.211301879
936,0.602881544
937,0.147491745
938,0.490665601
939,0.638571966
940,0.434781172
941,0.1322883
942,0.326913704
943,0.253875527
944,0.078137746
945,0.259597595
946,0.103406232
947,0.08369087
948,0.089140611
949,0.209616752
950,0.482839706
951,0.095991135
952,0.487018786
953,0.424373721
954,0.457926921
955,0.209212413
956,0.610963813
957,0.11767963
958,0.641163183
959,0.066166722
960,0.120636592
961,0.092478617
962,0.581904379
963,0.620559823
964,0.101898219
965,0.441733448
966,0.084264781
967,0.083410913
968,0.253298747
969,0.083015756
970,0.239527787
971,0.490665601
972,0.063102165
973,0.058443456
974,0.259597595
975,0.3705072
976,0.480109273
977,0.620825292
978,0.241717468
979,0.11256356
980,0.1322883
981,0.637606249
982,0.223957856
983,0.072142215
984,0.259597595
985,0.206992565
986,0.088698616
987,0.079223443
988,0.113312828
989,0.147070148
990,0.066796529
991,0.083683131
992,0.612196776
993,0.627494173
994,0.112804734
995,0.060153381
996,0.613486182
997,0.441028758
998,0.089976802
999,0.212711653
1000,0.209616752
1001,0.15121111
1002,0.083765176
1003,0.415490717
1004,0.614609555
1005,0.596626987
1006,0.089140611
1007,0.06971168
1008,0.250684904
1009,0.065736994
1010,0.597300055
1011,0.631857909
1012,0.259597595
1013,0.60846068
1014,0.064200461
1015,0.150839715
1016,0.099984432
1017,0.15003841
1018,0.48284684
1019,0.464077752
1020,0.228670274
1021,0.476868153
1022,0.626065923
1023,0.488488724
1024,0.177986901
1025,0.249027791
1026,0.580914545
1027,0.065130734
1028,0.227082618
1029,0.209616752
1030,0.08937373
1031,0.209616752
1032,0.104918634
1033,0.612852404
1034,0.172787092
1035,0.085187657
1036,0.209616752
1037,0.227082618
1038,0.575342817
1039,0.091789032
1040,0.209212413
1041,0.209616752
1042,0.066796529
1043,0.067297865
1044,0.211301879
1045,0.209616752
1046,0.126281718
1047,0.259597595
1048,0.084086027
1049,0.261282721
1050,0.209616752
1051,0.598049717
1052,0.154996492
1053,0.084037394
1054,0.418860079
1055,0.624247288
1056,0.093984431
1057,0.089957365
1058,0.574845036
1059,0.236153951
1060,0.115534453
1061,0.113681693
1062,0.141507808
1063,0.095851672
1064,0.102273136
1065,0.59385842
1066,0.147492194
1067,0.065750675
1068,0.058066011
1069,0.223957856
1070,0.07617813
1071,0.089662821
1072,0.215270014
1073,0.621237762
1074,0.225247969
1075,0.083765176
1076,0.097541821
1077,0.072842268
1078,0.259597595
1079,0.62494754
1080,0.111973555
1081,0.084173078
1082,0.470027315
1083,0.084904258
1084,0.604868376
1085,0.685014454
1086,0.085284585
1087,0.098212406
1088,0.259597595
1089,0.130087379
1090,0.209616752
1091,0.259597595
1092,0.071826108
1093,0.086476611
1094,0.05617403
1095,0.146937529
1096,0.620156501
1097,0.617319651
1098,0.109602388
1099,0.241717468
1100,0.146456074
1101,0.255966329
1102,0.220013113
1103,0.445207839
1104,0.05617403
1105,0.08379239
1106,0.086095098
1107,0.116282063
1108,0.099154274
1109,0.209616752
1110,0.093102129
1111,0.088793406
1112,0.519473027
1113,0.084520282
1114,0.090055929
1115,0.209616752
1116,0.584530353
1117,0.225247969
1118,0.259597595
1119,0.098191025
1120,0.620942707
1121,0.294766088
1122,0.259597595
1123,0.488488724
1124,0.227082618
1125,0.259597595
1126,0.611341452
1127,0.596768673
1128,0.083410913
1129,0.094502085
1130,0.209616752
1131,0.070999592
1132,0.259597595
1133,0.447587024
1134,0.418152925
1135,0.265250857
1136,0.122708685
1137,0.099299239
1138,0.564270041
1139,0.591918726
1140,0.085253478
1141,0.138188344
1142,0.476868153
1143,0.600623014
1144,0.080044727
1145,0.464987
1146,0.101095078
1147,0.602376673
1148,0.641059516
1149,0.209616752
1150,0.227082618
1151,0.085337036
1152,0.572850469
1153,0.209616752
1154,0.544308576
1155,0.143572468
1156,0.259597595
1157,0.146482622
1158,0.209616752
1159,0.115239118
1160,0.613985633
1161,0.489756353
1162,0.094550942
1163,0.066867101
1164,0.629688028
1165,0.115633409
1166,0.42797175
1167,0.100735865
1168,0.156674049
1169,0.066520984
1170,0.102867849
1171,0.629248244
1172,0.096450247
1173,0.490665601
1174,0.072765727
1175,0.227082618
1176,0.114049156
1177,0.248255365
1178,0.107370315
1179,0.107318327
1180,0.066442267
1181,0.207926226
1182,0.612667759
1183,0.487018786
1184,0.485727539
1185,0.142063931
1186,0.573279327
1187,0.259597595
1188,0.102521731
1189,0.209616752
1190,0.072842268
1191,0.57746348
1192,0.424560925
1193,0.091996733
1194,0.450147895
1195,0.209616752
1196,0.43348793
1197,0.627792151
1198,0.209465193
1199,0.085284585
1200,0.088927996
1201,0.209616752
1202,0.259597595
1203,0.140380765
1204,0.214865675
1205,0.085471224
1206,0.261282721
1207,0.259597595
1208,0.227082618
1209,0.096893821
1210,0.070963691
1211,0.460765245
1212,0.618682279
1213,0.155274401
1214,0.482989972
1215,0.426704121
1216,0.082790973
1217,0.085541919
1218,0.259597595
1219,0.142344338
1220,0.104339674
1221,0.258068144
1222,0.227082618
1223,0.209616752
1224,0.131838523
1225,0.08860119
1226,0.126754079
1227,0.413920022
1228,0.418860079
1229,0.489397972
1230,0.227082618
1231,0.227082618
1232,0.488488724
1233,0.090189687
1234,0.600257976
1235,0.098048878
1236,0.095838588
1237,0.139410933
1238,0.624665645
1239,0.084932156
1240,0.332528549
1241,0.093102129
1242,0.209616752
1243,0.612263154
1244,0.084400029
1245,0.61901506
1246,0.115851686
1247,0.073260044
1248,0.095640838
1249,0.112801618
1250,0.327869383
1251,0.075875321
1252,0.073260044
1253,0.136157335
1254,0.207926226
1255,0.066104937
1256,0.136005135
1257,0.259597595
1258,0.087602824
1259,0.620481651
1260,0.157286418
1261,0.209616752
1262,0.413920022
1263,0.259597595
1264,0.207926226
1265,0.097791454
1266,0.255966329
1267,0.181316463
1268,0.488488724
1269,0.073371811
1270,0.11668479
1271,0.072665332
1272,0.294766088
1273,0.079565508
1274,0.604967667
1275,0.612862732
1276,0.625158884
1277,0.137837126
1278,0.192743038
1279,0.1376776
1280,0.259597595
1281,0.05617403
1282,0.223957856
1283,0.058767355
1284,0.63377289
1285,0.077033261
1286,0.099407197
1287,0.584545284
1288,0.487018786
1289,0.093700921
1290,0.103008639
1291,0.241717468
1292,0.097246654
1293,0.091015933
1294,0.259597595
1295,0.084398151
1296,0.082790973
1297,0.139933234
1298,0.05617403
1299,0.07541232
1300,0.097090861
1301,0.082790973
1302,0.101649624
1303,0.084078288
1304,0.259597595
1305,0.094638173
1306,0.055796585
1307,0.207926226
1308,0.209616752
1309,0.090296431
1310,0.072842268
1311,0.103632152
1312,0.290146816
1313,0.057497668
1314,0.60564552
1315,0.469648249
1316,0.065355518
1317,0.145752743
1318,0.097297147
1319,0.083015756
1320,0.080181485
1321,0.216599004
1322,0.07744015
1323,0.162381018
1324,0.282664675
1325,0.116031085
1326,0.086004411
1327,0.160254456
1328,0.05617403
1329,0.241217231
1330,0.588219735
1331,0.209212413
1332,0.474513864
1333,0.560515832
1334,0.62641918
1335,0.608984401
1336,0.259597595
1337,0.091730366
1338,0.130970095
1339,0.131420047
1340,0.574149058
1341,0.606631005
1342,0.429288165
1343,0.220304126
1344,0.084520282
1345,0.256374573
1346,0.227082618
1347,0.259597595
1348,0.259597595
1349,0.051561803
1350,0.103626731
1351,0.185997905
1352,0.087663771
1353,0.209616752
1354,0.614877858
1355,0.209616752
1356,0.619300007
1357,0.207926226
1358,0.259597595
1359,0.175885378
1360,0.183715075
1361,0.620102486
1362,0.076177094
1363,0.583161144
1364,0.073418931
1365,0.09867321
1366,0.126996255
1367,0.066166722
1368,0.488488724
1369,0.133551759
1370,0.259597595
1371,0.144491082
1372,0.110401155
1373,0.076850475
1374,0.466169446
1375,0.660457439
1376,0.583963202
1377,0.145999148
1378,0.086935449
1379,0.118564393
1380,0.206428536
1381,0.418860079
1382,0.591167123
1383,0.587118565
1384,0.420496436
1385,0.072154649
1386,0.128258915
1387,0.207926226
1388,0.102508258
1389,0.209616752
1390,0.070720712
1391,0.587323998
1392,0.12133052
1393,0.083249647
1394,0.268279129
1395,0.597978639
1396,0.184657064
1397,0.133353411
1398,0.07494296
1399,0.209212413
1400,0.05617403
1401,0.066104937
1402,0.072665332
1403,0.075062315
1404,0.227082618
1405,0.667884214
1406,0.05617403
1407,0.611419225
1408,0.445207839
1409,0.085541919
1410,0.473848014
1411,0.114787512
1412,0.288228192
1413,0.083015756
1414,0.117063374
1415,0.093885396
1416,0.670667782
1417,0.079842521
1418,0.259597595
1419,0.611949611
1420,0.612009281
1421,0.112984392
1422,0.488488724
1423,0.073905683
1424,0.609659565
1425,0.1432661
1426,0.366577481
1427,0.089646428
1428,0.086405085
1429,0.25386889
1430,0.209616752
1431,0.259597595
1432,0.064554724
1433,0.082349627
1434,0.648891004
1435,0.136405731
1436,0.116542225
1437,0.232980107
1438,0.64280837
1439,0.270099524
1440,0.172809552
1441,0.106891541
1442,0.59662042
1443,0.189397079
1444,0.082790973
1445,0.227082618
1446,0.07446938
1447,0.121694339
1448,0.110784078
1449,0.644068526
1450,0.231325643
1451,0.436793392
1452,0.099983884
1453,0.485751157
1454,0.424650833
1455,0.077333448
1456,0.088526757
1457,0.080379166
1458,0.05617403
1459,0.122772154
1460,0.113960303
1461,0.403769389
1462,0.207926226
1463,0.088060119
1464,0.227082618
1465,0.077798064
1466,0.59206536
1467,0.209616752
1468,0.084264781
1469,0.227082618
1470,0.489756353
1471,0.259597595
1472,0.288228192
1473,0.066030631
1474,0.207926226
1475,0.060153381
1476,0.447447389
1477,0.436048801
1478,0.268379195
1479,0.209212413
1480,0.42797175
1481,0.097041259
1482,0.610514691
1483,0.089943678
1484,0.092478617
1485,0.109163731
1486,0.209212413
1487,0.085625478
1488,0.106611765
1489,0.107537124
1490,0.06909646
1491,0.615654425
1492,0.058452298
1493,0.627839764
1494,0.227082618
1495,0.421764065
1496,0.081244141
1497,0.093451392
1498,0.211301879
1499,0.604319617
1500,0.169419796
1501,0.143213137
1502,0.1058487
1503,0.25612856
1504,0.072665332
1505,0.265250857
1506,0.0831909
1507,0.133797062
1508,0.209616752
1509,0.625725842
1510,0.111181753
1511,0.636743476
1512,0.085647176
1513,0.645679543
1514,0.098047334
1515,0.083410913
1516,0.617978002
1517,0.068240351
1518,0.090637
1519,0.099226936
1520,0.583088898
1521,0.209616752
1522,0.209616752
1523,0.481376902
1524,0.207926226
1525,0.066166722
1526,0.06589304
1527,0.070999592
1528,0.209616752
1529,0.209616752
1530,0.259597595
1531,0.115466495
1532,0.084520282
1533,0.073995324
1534,0.096360543
1535,0.420127708
1536,0.209616752
1537,0.072842268
1538,0.617189551
1539,0.61265258
1540,0.464077752
1541,0.136581678
1542,0.423189253
1543,0.238343632
1544,0.084753401
1545,0.12962247
1546,0.418860079
1547,0.131644356
1548,0.619897282
1549,0.207926226
1550,0.072290415
1551,0.563073153
1552,0.608495583
1553,0.179542176
1554,0.126562587
1555,0.209616752
1556,0.209212413
1557,0.265250857
1558,0.577849986
1559,0.068976401
1560,0.138127732
1561,0.13817549
1562,0.084264781
1563,0.095673406
1564,0.090619813
1565,0.084264781
1566,0.095392275
1567,0.603946149
1568,0.481376902
1569,0.11756485
1570,0.259597595
1571,0.123916043
1572,0.575579011
1573,0.090637
1574,0.068283079
1575,0.59999113
1576,0.209616752
1577,0.209616752
1578,0.064019885
1579,0.623191876
1580,0.077515503
1581,0.059767094
1582,0.259597595
1583,0.114282034
1584,0.252563254
1585,0.421698403
1586,0.627830556
1587,0.219538548
1588,0.630490147
1589,0.259597595
1590,0.065942226
1591,0.621224308
1592,0.084078288
1593,0.209616752
1594,0.608337729
1595,0.073453347
1596,0.106453127
1597,0.083765176
1598,0.077905121
1599,0.145905272
1600,0.209616752
1601,0.156392263
1602,0.26644448
1603,0.209616752
1604,0.331299337
1605,0.591966045
1606,0.215270014
1607,0.604307995
1608,0.15121111
1609,0.09723852
1610,0.066860044
1611,0.090592621
1612,0.136447274
1613,0.209616752
1614,0.094325085
1615,0.209616752
1616,0.105073024
1617,0.08382696
1618,0.079585104
1619,0.153860686
1620,0.060153381
1621,0.209616752
1622,0.093102129
1623,0.621886212
1624,0.611883661
1625,0.62114728
1626,0.095793053
1627,0.151437766
1628,0.209212413
1629,0.08382696
1630,0.09649102
1631,0.418860079
1632,0.598617354
1633,0.207926226
1634,0.083015756
1635,0.084958103
1636,0.261282721
1637,0.438286948
1638,0.084078288
1639,0.093102129
1640,0.098022048
1641,0.086935449
1642,0.069322835
1643,0.421764065
1644,0.259597595
1645,0.288228192
1646,0.084520282
1647,0.619710285
1648,0.094667295
1649,0.248255365
1650,0.259597595
1651,0.091245002
1652,0.453552666
1653,0.086541495
1654,0.260406787
1655,0.470915878
1656,0.156113719
1657,0.088031242
1658,0.654137046
1659,0.091996733
1660,0.209616752
1661,0.259597595
1662,0.451415524
1663,0.172474249
1664,0.07455325
1665,0.122944477
1666,0.084520282
1667,0.209616752
1668,0.142034612
1669,0.084520282
1670,0.209616752
1671,0.252672308
1672,0.07744015
1673,0.227082618
1674,0.138717637
1675,0.087110255
1676,0.611466069
1677,0.620599525
1678,0.43348793
1679,0.576897185
1680,0.209616752
1681,0.259597595
1682,0.092048555
1683,0.215270014
1684,0.088764156
1685,0.084859069
1686,0.690000543
1687,0.597278548
1688,0.144820824
1689,0.481376902
1690,0.108457452
1691,0.478762458
1692,0.626705419
1693,0.07204182
1694,0.139361098
1695,0.178928287
1696,0.335229056
1697,0.621533883
1698,0.227082618
1699,0.255966329
1700,0.225247969
1701,0.629518713
1702,0.099727407
1703,0.215270014
1704,0.292576407
1705,0.259597595
1706,0.600063705
1707,0.2000175
1708,0.587861144
1709,0.225247969
1710,0.602957663
1711,0.147628774
1712,0.259597595
1713,0.540124915
1714,0.158427073
1715,0.616560034
1716,0.608585323
1717,0.089642666
1718,0.259597595
1719,0.101010722
1720,0.148042072
1721,0.154454114
1722,0.428222906
1723,0.586857857
1724,0.090985504
1725,0.086582007
1726,0.646222174
1727,0.279567142
1728,0.209616752
1729,0.577806853
1730,0.610623534
1731,0.07744015
1732,0.12726941
1733,0.078114657
1734,0.209616752
1735,0.091112352
1736,0.07576875
1737,0.209616752
1738,0.143966627
1739,0.092478617
1740,0.209616752
1741,0.11856391
1742,0.44394021
1743,0.08443255
1744,0.149653597
1745,0.072986441
1746,0.207926226
1747,0.286038511
1748,0.611590123
1749,0.078664812
1750,0.489756353
1751,0.094255185
1752,0.349366024
1753,0.227082618
1754,0.634307833
1755,0.095838588
1756,0.259597595
1757,0.172809552
1758,0.146456074
1759,0.609872937
1760,0.121721427
1761,0.141422573
1762,0.072842268
1763,0.214865675
1764,0.553421975
1765,0.629594178
1766,0.622151414
1767,0.132490845
1768,0.227082618
1769,0.08860119
1770,0.490665601
1771,0.489756353
1772,0.101560315
1773,0.242869949
1774,0.248255365
1775,0.655524248
1776,0.084520282
1777,0.207926226
1778,0.619756994
1779,0.209616752
1780,0.489397972
1781,0.259597595
1782,0.443201392
1783,0.607842346
1784,0.259597595
1785,0.489756353
1786,0.312460492
1787,0.086581379
1788,0.620312139
1789,0.244462093
1790,0.072913927
1791,0.08443255
1792,0.067607966
1793,0.592124327
1794,0.078976655
1795,0.083015756
1796,0.095504747
1797,0.481930458
1798,0.067607966
1799,0.083683131
1800,0.209616752
1801,0.066442267
1802,0.259597595
1803,0.209212413
1804,0.259597595
1805,0.151388951
1806,0.209616752
1807,0.083410913
1808,0.095838588
1809,0.071542391
1810,0.259597595
1811,0.209616752
1812,0.209616752
1813,0.602123644
1814,0.143456591
1815,0.124051998
1816,0.58337447
1817,0.450147895
1818,0.375429763
1819,0.229617658
1820,0.067097282
1821,0.134624008
1822,0.156216171
1823,0.092806516
1824,0.631253985
1825,0.154961495
1826,0.622319534
1827,0.239527787
1828,0.443201392
1829,0.149992931
1830,0.622945643
1831,0.093398271
1832,0.253298747
1833,0.132372382
1834,0.607242976
1835,0.099987503
1836,0.421968546
1837,0.076957311
1838,0.155331553
1839,0.075145009
1840,0.209212413
1841,0.527905886
1842,0.595332902
1843,0.128355939
1844,0.259597595
1845,0.259597595
1846,0.090348558
1847,0.066104937
1848,0.07147999
1849,0.057497668
1850,0.598133841
1851,0.127657677
1852,0.079910037
1853,0.241717468
1854,0.431849036
1855,0.157286418
1856,0.161446669
1857,0.079521977
1858,0.604757658
1859,0.098808156
1860,0.129323241
1861,0.148373184
1862,0.125913329
1863,0.707163108
1864,0.259597595
1865,0.290146816
1866,0.246065684
1867,0.624247288
1868,0.08640166
1869,0.597081781
1870,0.083410913
1871,0.066860044
1872,0.209212413
1873,0.63359787
1874,0.072913927
1875,0.692992005
1876,0.294766088
1877,0.075834426
1878,0.084610898
1879,0.080621922
1880,0.626283466
1881,0.265721231
1882,0.631478632
1883,0.090733928
1884,0.623235899
1885,0.068497296
1886,0.148219315
1887,0.101762453
1888,0.136008659
1889,0.088924729
1890,0.083410913
1891,0.209212413
1892,0.111837886
1893,0.464987
1894,0.092756012
1895,0.259597595
1896,0.075116636
1897,0.052615482
1898,0.209212413
1899,0.621879123
1900,0.092565726
1901,0.125601331
1902,0.176549312
1903,0.241717468
1904,0.066486413
1905,0.108632439
1906,0.265250857
1907,0.485751157
1908,0.117542583
1909,0.112920377
1910,0.259597595
1911,0.102811553
1912,0.438286948
1913,0.07698469
1914,0.077253245
1915,0.072842268
1916,0.084520282
1917,0.432220301
1918,0.100470503
1919,0.600938283
1920,0.11150371
1921,0.261282721
1922,0.588994224
1923,0.084088394
1924,0.08382696
1925,0.447587024
1926,0.127289745
1927,0.082790973
1928,0.083458347
1929,0.259597595
1930,0.593777051
1931,0.098808156
1932,0.209616752
1933,0.259597595
1934,0.428020536
1935,0.431849036
1936,0.070622214
1937,0.596252797
1938,0.225247969
1939,0.101898219
1940,0.488488724
1941,0.581858673
1942,0.102892769
1943,0.580933037
1944,0.102273136
1945,0.108993319
1946,0.438245944
1947,0.583161144
1948,0.173982252
1949,0.152944138
1950,0.614560058
1951,0.172592697
1952,0.227082618
1953,0.083002377
1954,0.057497668
1955,0.07881305
1956,0.073609953
1957,0.207926226
1958,0.243543406
1959,0.080022733
1960,0.088344043
1961,0.207926226
1962,0.185997905
1963,0.209616752
1964,0.259597595
1965,0.259597595
1966,0.243543406
1967,0.079498158
1968,0.093398271
1969,0.203834357
1970,0.113992958
1971,0.10528798
1972,0.083953977
1973,0.259597595
1974,0.100607396
1975,0.488488724
1976,0.424560925
1977,0.075875321
1978,0.088827935
1979,0.105948767
1980,0.083634456
1981,0.092132499
1982,0.259597595
1983,0.078319729
1984,0.263886581
1985,0.262596468
1986,0.067647774
1987,0.605213366
1988,0.623520844
1989,0.481376902
1990,0.091331621
1991,0.222361241
1992,0.259597595
1993,0.083145235
1994,0.140407366
1995,0.624669309
1996,0.209616752
1997,0.259597595
1998,0.438245944
1999,0.066782418
2000,0.111966425
2001,0.085817704
2002,0.413920022
2003,0.292576407
2004,0.13977634
2005,0.618194751
2006,0.090289795
2007,0.072290415
2008,0.209616752
2009,0.625874111
2010,0.209616752
2011,0.215270014
2012,0.625511937
2013,0.077422511
2014,0.084520282
2015,0.076527388
2016,0.099628579
2017,0.149878404
2018,0.2053718
2019,0.086719209
2020,0.209616752
2021,0.0591448
2022,0.072218756
2023,0.259597595
2024,0.624527325
2025,0.254471446
2026,0.640813365
2027,0.174992138
2028,0.207926226
2029,0.643708935
2030,0.113933694
2031,0.08382696
2032,0.623953485
2033,0.136989868
2034,0.220304126
2035,0.120639814
2036,0.255966329
2037,0.259597595
2038,0.117067851
2039,0.285527404
2040,0.072842268
2041,0.657006747
2042,0.575870492
2043,0.094255185
2044,0.072176017
2045,0.59367079
2046,0.15814022
2047,0.180057561
2048,0.12574476
2049,0.573190058
2050,0.211301879
2051,0.175885378
2052,0.209616752
2053,0.045558862
2054,0.049815819
2055,0.294766088
2056,0.113280082
2057,0.209616752
2058,0.218545534
2059,0.239527787
2060,0.602576715
2061,0.259597595
2062,0.15671174
2063,0.464077752
2064,0.080181485
2065,0.207926226
2066,0.092132499
2067,0.424373721
2068,0.093810525
2069,0.631535272
2070,0.084440289
2071,0.080625342
2072,0.485751157
2073,0.616637611
2074,0.259597595
2075,0.526048483
2076,0.077147309
2077,0.141507808
2078,0.225247969
2079,0.593804638
2080,0.259597595
2081,0.207926226
2082,0.07698469
2083,0.093869815
2084,0.445762263
2085,0.277753308
2086,0.613612847
2087,0.259597595
2088,0.209616752
2089,0.094255185
2090,0.08556659
2091,0.209212413
2092,0.441264891
2093,0.604694023
2094,0.633859646
2095,0.574229686
2096,0.556147404
2097,0.227082618
2098,0.066384893
2099,0.067048096
2100,0.618576297
2101,0.25612856
2102,0.172809552
2103,0.072154649
2104,0.085107664
2105,0.131351684
2106,0.209616752
2107,0.426704121
2108,0.072765727
2109,0.211301879
2110,0.079717034
2111,0.567426083
2112,0.490665601
2113,0.144031464
2114,0.150978198
2115,0.223957856
2116,0.064998944
2117,0.445207839
2118,0.211087094
2119,0.482067919
2120,0.084440289
2121,0.077983343
2122,0.263531549
2123,0.077358146
2124,0.420127708
2125,0.5515118
2126,0.123956795
2127,0.107271752
2128,0.101854357
2129,0.625024581
2130,0.132640558
2131,0.614666564
2132,0.598189879
2133,0.05617403
2134,0.209212413
2135,0.598127737
2136,0.489397972
2137,0.545620399
2138,0.261282721
2139,0.11625146
2140,0.582425404
2141,0.081916044
2142,0.588300392
2143,0.218231341
2144,0.100231231
2145,0.065750675
2146,0.259597595
2147,0.259597595
2148,0.209616752
2149,0.617638277
2150,0.080022733
2151,0.092507417
2152,0.078462504
2153,0.628673238
2154,0.146456074
2155,0.596379386
2156,0.118833176
2157,0.209616752
2158,0.450147895
2159,0.101423431
2160,0.616162416
2161,0.588347484
2162,0.211301879
2163,0.07147999
2164,0.631125396
2165,0.115773022
2166,0.084181223
2167,0.080036505
2168,0.077075306
2169,0.099854083
2170,0.625726347
2171,0.101550416
2172,0.084520282
2173,0.078467314
2174,0.572944301
2175,0.209616752
2176,0.416299208
2177,0.209212413
2178,0.488488724
2179,0.093102129
2180,0.605009402
2181,0.06723435
2182,0.060153381
2183,0.084078288
2184,0.259597595
2185,0.145128935
2186,0.251350265
2187,0.208278752
2188,0.450147895
2189,0.082395816
2190,0.137709551
2191,0.077033261
2192,0.086340498
2193,0.600486232
2194,0.626050335
2195,0.0591448
2196,0.215270014
2197,0.058767355
2198,0.097857351
2199,0.321129962
2200,0.201398272
2201,0.099934836
2202,0.402954742
2203,0.227082618
2204,0.209212413
2205,0.058767355
2206,0.075875321
2207,0.489756353
2208,0.074606402
2209,0.176549312
2210,0.085920852
2211,0.259597595
2212,0.077961798
2213,0.083410913
2214,0.137578211
2215,0.616959635
2216,0.610940853
2217,0.597207257
2218,0.209616752
2219,0.141317108
2220,0.590595057
2221,0.561224286
2222,0.090637
2223,0.485751157
2224,0.225247969
2225,0.099510336
2226,0.23843526
2227,0.227082618
2228,0.599533736
2229,0.575759885
2230,0.084181223
2231,0.596365238
2232,0.59976759
2233,0.098048878
2234,0.259597595
2235,0.092756012
2236,0.072913927
2237,0.084078288
2238,0.259597595
2239,0.138678878
2240,0.627018978
2241,0.0591448
2242,0.083181095
2243,0.140871805
2244,0.08369087
2245,0.076921967
2246,0.654150615
2247,0.259597595
2248,0.567584357
2249,0.618395576
2250,0.124168622
2251,0.259597595
2252,0.450147895
2253,0.638525402
2254,0.07037608
2255,0.079352471
2256,0.059326898
2257,0.209616752
2258,0.614551569
2259,0.091843094
2260,0.259597595
2261,0.084520282
2262,0.115610942
2263,0.088063947
2264,0.416299208
2265,0.586763045
2266,0.091373221
2267,0.624471712
2268,0.146866309
2269,0.477197822
2270,0.621818724
2271,0.259597595
2272,0.15451591
2273,0.07204182
2274,0.125594955
2275,0.259597595
2276,0.259597595
2277,0.075875321
2278,0.087559643
2279,0.113708057
2280,0.086171966
2281,0.698135398
2282,0.591321431
2283,0.245945776
2284,0.487018786
2285,0.103246782
2286,0.632349476
2287,0.085625478
2288,0.448854653
2289,0.179769344
2290,0.611568843
2291,0.487018786
2292,0.16111878
2293,0.051561803
2294,0.265250857
2295,0.076550434
2296,0.489397972
2297,0.227082618
2298,0.605220563
2299,0.265250857
2300,0.066520984
2301,0.259597595
2302,0.608151527
2303,0.090218164
2304,0.092838085
2305,0.075145009
2306,0.058443456
2307,0.209616752
2308,0.608962416
2309,0.646815586
2310,0.209616752
2311,0.633755972
2312,0.083796537
2313,0.096872553
2314,0.072636532
2315,0.603465689
2316,0.576826058
2317,0.227082618
2318,0.099475531
2319,0.077033261
2320,0.112566796
2321,0.058829743
2322,0.607729567
2323,0.089766403
2324,0.259597595
2325,0.641632319
2326,0.660342574
2327,0.064958049
2328,0.066166722
2329,0.077379378
2330,0.139197126
2331,0.140364452
2332,0.082011274
2333,0.612907657
2334,0.487018786
2335,0.126466815
2336,0.088090506
2337,0.120146741
2338,0.602457633
2339,0.07204182
2340,0.142120333
2341,0.489756353
2342,0.417566837
2343,0.673073261
2344,0.117261405
2345,0.101522172
2346,0.249027791
2347,0.658994426
2348,0.627160205
2349,0.207926226
2350,0.175885378
2351,0.126372476
2352,0.543879778
2353,0.091883904
2354,0.217898463
2355,0.101189159
2356,0.206083964
2357,0.066104937
2358,0.209616752
2359,0.084086027
2360,0.083397233
2361,0.131441475
2362,0.128402682
2363,0.417566837
2364,0.07204182
2365,0.084086027
2366,0.076550434
2367,0.115830415
2368,0.209616752
2369,0.113555017
2370,0.070332962
2371,0.166791759
2372,0.074947209
2373,0.125998743
2374,0.099882133
2375,0.126917459
2376,0.066442267
2377,0.072842268
2378,0.488488724
2379,0.084173078
2380,0.101605762
2381,0.589777022
2382,0.088409609
2383,0.082713438
2384,0.588524135
2385,0.481376902
2386,0.596696992
2387,0.447587024
2388,0.106466347
2389,0.259597595
2390,0.259597595
2391,0.609372657
2392,0.088169216
2393,0.14480045
2394,0.261282721
2395,0.079840917
2396,0.076291368
2397,0.579430894
2398,0.209616752
2399,0.434781172
2400,0.103478927
2401,0.071408331
2402,0.615516726
2403,0.617621189
2404,0.135243302
2405,0.13759685
2406,0.21144269
2407,0.083410913
2408,0.623334483
2409,0.620490254
2410,0.487018786
2411,0.087839118
2412,0.099356524
2413,0.071816135
2414,0.090055929
2415,0.101230844
2416,0.181324204
2417,0.602725974
2418,0.076961602
2419,0.189864778
2420,0.261282721
2421,0.255272463
2422,0.05617403
2423,0.562718565
2424,0.489756353
2425,0.631836902
2426,0.076904697
2427,0.066345552
2428,0.085905867
2429,0.123963982
2430,0.469648249
2431,0.191418792
2432,0.206992565
2433,0.165023768
2434,0.448854653
2435,0.114123169
2436,0.609848506
2437,0.227082618
2438,0.095929739
2439,0.227082618
2440,0.595305934
2441,0.065942226
2442,0.130277033
2443,0.085842452
2444,0.094200029
2445,0.094255185
2446,0.066104937
2447,0.078104282
2448,0.084712507
2449,0.259597595
2450,0.633581938
2451,0.613980443
2452,0.488488724
2453,0.085541919
2454,0.62746016
2455,0.078170108
2456,0.058829743
2457,0.090573725
2458,0.068976401
2459,0.110219994
2460,0.151688593
2461,0.621603143
2462,0.620904253
2463,0.429288165
2464,0.209616752
2465,0.066425788
2466,0.623993393
2467,0.101605762
2468,0.259597595
2469,0.604102489
2470,0.607976437
2471,0.444494634
2472,0.477494829
2473,0.603562099
2474,0.59145817
2475,0.259597595
2476,0.084958103
2477,0.140380765
2478,0.129240839
2479,0.259183334
2480,0.084264781
2481,0.612842983
2482,0.631675195
2483,0.612934741
2484,0.209616752
2485,0.563276346
2486,0.395279555
2487,0.611238042
2488,0.055796585
2489,0.604613244
2490,0.099196509
2491,0.108263561
2492,0.05100226
2493,0.070999592
2494,0.058066011
2495,0.146456074
2496,0.489756353
2497,0.460036133
2498,0.431849036
2499,0.115295776
2500,0.610761256
2501,0.368010403
2502,0.067038018
2503,0.075933928
2504,0.106279331
2505,0.077033261
2506,0.132954829
2507,0.106926045
2508,0.241717468
2509,0.145999148
2510,0.07911329
2511,0.08860119
2512,0.209616752
2513,0.43459101
2514,0.489756353
2515,0.580517836
2516,0.231325643
2517,0.083410913
2518,0.209212413
2519,0.57302589
2520,0.162689861
2521,0.123128191
2522,0.070999592
2523,0.083410913
2524,0.148132397
2525,0.556573202
2526,0.093208835
2527,0.612859902
2528,0.16229148
2529,0.620171022
2530,0.065942226
2531,0.592693396
2532,0.132800435
2533,0.072842268
2534,0.209616752
2535,0.140725941
2536,0.103564693
2537,0.10111907
2538,0.606426227
2539,0.084520282
2540,0.060153381
2541,0.370200085
2542,0.116416518
2543,0.093102129
2544,0.108704475
2545,0.664948323
2546,0.08369087
2547,0.489756353
2548,0.209616752
2549,0.608930381
2550,0.099469126
2551,0.084958103
2552,0.088661906
2553,0.098652124
2554,0.511097463
2555,0.209616752
2556,0.487018786
2557,0.259597595
2558,0.072913927
2559,0.191388067
2560,0.595300708
2561,0.090637
2562,0.067048096
2563,0.139151951
2564,0.045558862
2565,0.130676539
2566,0.225247969
2567,0.464077752
2568,0.550655836
2569,0.086697951
2570,0.103619718
2571,0.077527005
2572,0.431209099
2573,0.089829683
2574,0.261282721
2575,0.084899215
2576,0.084078288
2577,0.174774496
2578,0.672277366
2579,0.209616752
2580,0.541484697
2581,0.259597595
2582,0.440787867
2583,0.083410913
2584,0.111467024
2585,0.126365026
2586,0.209616752
2587,0.107924075
2588,0.144305272
2589,0.434781172
2590,0.065355518
2591,0.146393539
2592,0.169124251
2593,0.089898601
2594,0.069121475
2595,0.622421855
2596,0.075875321
2597,0.140766401
2598,0.087596298
2599,0.604613726
2600,0.071610671
2601,0.09350575
2602,0.068365126
2603,0.188003836
2604,0.144270968
2605,0.259597595
2606,0.475115643
2607,0.098203468
2608,0.127997556
2609,0.209616752
2610,0.112138541
2611,0.259597595
2612,0.677159633
2613,0.075477853
2614,0.227082618
2615,0.613679633
2616,0.06695066
2617,0.715198079
2618,0.125326856
2619,0.084840452
2620,0.430581407
2621,0.236245579
2622,0.259597595
2623,0.141553465
2624,0.157286418
2625,0.091323898
2626,0.067038018
2627,0.076909666
2628,0.485751157
2629,0.488488724
2630,0.621646744
2631,0.620361038
2632,0.097864218
2633,0.488488724
2634,0.138823704
2635,0.209212413
2636,0.089969625
2637,0.141553465
2638,0.079488163
2639,0.609535285
2640,0.090178461
2641,0.112160919
2642,0.259597595
2643,0.609806205
2644,0.076013832
2645,0.10937177
2646,0.631062642
2647,0.085284585
2648,0.609167971
2649,0.487018786
2650,0.412652393
2651,0.08382696
2652,0.15121111
2653,0.588255754
2654,0.259597595
2655,0.087602824
2656,0.63469069
2657,0.12833375
2658,0.259597595
2659,0.093102129
2660,0.227082618
2661,0.431849036
2662,0.488488724
2663,0.065750675
2664,0.080555485
2665,0.60005694
2666,0.265250857
2667,0.606107492
2668,0.259597595
2669,0.622127058
2670,0.095146052
2671,0.619002652
2672,0.095224823
2673,0.372668578
2674,0.259597595
2675,0.60176077
2676,0.207926226
2677,0.434781172
2678,0.256858986
2679,0.259597595
2680,0.616935778
2681,0.628112331
2682,0.075836897
2683,0.098485663
2684,0.090284007
2685,0.076961602
2686,0.077147309
2687,0.546624516
2688,0.072913927
2689,0.117083893
2690,0.358059226
2691,0.151758683
2692,0.084173078
2693,0.08974471
2694,0.139275094
2695,0.097193291
2696,0.159123431
2697,0.590594901
2698,0.207926226
2699,0.07881305
2700,0.131402164
2701,0.332528549
2702,0.485751157
2703,0.09135521
2704,0.209212413
2705,0.117338779
2706,0.228759517
2707,0.079507267
2708,0.566978182
2709,0.259597595
2710,0.259597595
2711,0.615525041
2712,0.096893821
2713,0.259597595
2714,0.118247368
2715,0.118232964
2716,0.259597595
2717,0.209616752
2718,0.616588753
2719,0.101015933
2720,0.108467968
2721,0.049815819
2722,0.618451136
2723,0.618047331
2724,0.07525538
2725,0.152833142
2726,0.178884861
2727,0.100982249
2728,0.227082618
2729,0.202374062
2730,0.120338505
2731,0.259597595
2732,0.259597595
2733,0.594336012
2734,0.227082618
2735,0.209616752
2736,0.61320522
2737,0.418860079
2738,0.096073244
2739,0.248255365
2740,0.122609189
2741,0.157564339
2742,0.129240839
2743,0.084078288
2744,0.593395547
2745,0.547401069
2746,0.473848014
2747,0.071173933
2748,0.211301879
2749,0.487018786
2750,0.60770565
2751,0.259597595
2752,0.098431631
2753,0.079644083
2754,0.108426808
2755,0.487018786
2756,0.079488163
2757,0.625909154
2758,0.259597595
2759,0.093608202
2760,0.623200874
2761,0.21060268
2762,0.108893649
2763,0.077662722
2764,0.059433548
2765,0.485751157
2766,0.083458347
2767,0.091102375
2768,0.209616752
2769,0.145365036
2770,0.259597595
2771,0.634120425
2772,0.249486305
2773,0.074697529
2774,0.076860647
2775,0.061027981
2776,0.154972197
2777,0.153796272
2778,0.701472544
2779,0.617017602
2780,0.113519383
2781,0.093451392
2782,0.209616752
2783,0.209616752
2784,0.594268051
2785,0.223957856
2786,0.140320512
2787,0.622799287
2788,0.103183401
2789,0.628492078
2790,0.103099901
2791,0.227082618
2792,0.110824506
2793,0.093594167
2794,0.212711653
2795,0.613996114
2796,0.238343632
2797,0.612718973
2798,0.418860079
2799,0.598931843
2800,0.148944451
2801,0.577372668
2802,0.101576962
2803,0.082356249
2804,0.090841677
2805,0.248255365
2806,0.617248674
2807,0.073989953
2808,0.209616752
2809,0.207926226
2810,0.08724557
2811,0.209616752
2812,0.067297865
2813,0.086133669
2814,0.602018529
2815,0.259597595
2816,0.347605527
2817,0.065601658
2818,0.259597595
2819,0.072875539
2820,0.083410913
2821,0.083837432
2822,0.072842268
2823,0.598728642
2824,0.171729219
2825,0.259597595
2826,0.191678728
2827,0.110369855
2828,0.135116263
2829,0.489397972
2830,0.209616752
2831,0.603289446
2832,0.078432352
2833,0.115690792
2834,0.133635497
2835,0.265411765
2836,0.118503563
2837,0.577975329
2838,0.099886094
2839,0.209212413
2840,0.245991782
2841,0.259597595
2842,0.129772492
2843,0.259597595
2844,0.581939656
2845,0.592089315
2846,0.084520282
2847,0.614338445
2848,0.067267398
2849,0.045558862
2850,0.088331146
2851,0.249027791
2852,0.060153381
2853,0.07204182
2854,0.148519485
2855,0.098814547
2856,0.096684115
2857,0.262596468
2858,0.077338952
2859,0.209616752
2860,0.066030631
2861,0.095329667
2862,0.608668406
2863,0.619006142
2864,0.259597595
2865,0.209616752
2866,0.561613696
2867,0.080377073
2868,0.067402359
2869,0.07698469
2870,0.159995524
2871,0.619897935
2872,0.089969625
2873,0.089268564
2874,0.15093294
2875,0.072842268
2876,0.227082618
2877,0.573732191
2878,0.209616752
2879,0.211301879
2880,0.250930917
2881,0.288228192
2882,0.113271436
2883,0.09649102
2884,0.07525538
2885,0.066880088
2886,0.095217605
2887,0.259597595
2888,0.615684518
2889,0.259597595
2890,0.105793039
2891,0.567001988
2892,0.326045014
2893,0.207926226
2894,0.209212413
2895,0.624925165
2896,0.609675338
2897,0.617284961
2898,0.159523796
2899,0.140014543
2900,0.21060268
2901,0.146456074
2902,0.147967168
2903,0.096351433
2904,0.122671057
2905,0.620469711
2906,0.099784364
2907,0.067097282
2908,0.128319328
2909,0.417566837
2910,0.146853176
2911,0.084899215
2912,0.209616752
2913,0.253298747
2914,0.057155516
2915,0.209616752
2916,0.102273136
2917,0.096893821
2918,0.094818121
2919,0.618809599
2920,0.077422511
2921,0.121051546
2922,0.610790315
2923,0.598013305
2924,0.259597595
2925,0.077897021
2926,0.560329387
2927,0.633912591
2928,0.619787116
2929,0.440440207
2930,0.16371381
2931,0.259597595
2932,0.097272638
2933,0.598678335
2934,0.083410913
2935,0.59497864
2936,0.209212413
2937,0.489756353
2938,0.259597595
2939,0.147628774
2940,0.195648656
2941,0.692121708
2942,0.101576962
2943,0.259597595
2944,0.075480164
2945,0.094625523
2946,0.080943347
2947,0.072218756
2948,0.209616752
2949,0.565685722
2950,0.075145009
2951,0.086935449
2952,0.084173078
2953,0.209616752
2954,0.123886652
2955,0.286038511
2956,0.464987
2957,0.443618889
2958,0.631828972
2959,0.259597595
2960,0.068283079
2961,0.592955412
2962,0.109021685
2963,0.651441504
2964,0.612459609
2965,0.101010722
2966,0.646390232
2967,0.065750675
2968,0.102867849
2969,0.08369087
2970,0.091883904
2971,0.094756755
2972,0.083249647
2973,0.601081259
2974,0.444886518
2975,0.209616752
2976,0.487018786
2977,0.141669296
2978,0.259597595
2979,0.259597595
2980,0.292576407
2981,0.259597595
2982,0.093102129
2983,0.110265342
2984,0.583066982
2985,0.07840112
2986,0.621768684
2987,0.489756353
2988,0.067539972
2989,0.092756012
2990,0.209212413
2991,0.59718975
2992,0.069285154
2993,0.089552484
2994,0.635553614
2995,0.480514968
2996,0.083410913
2997,0.54879026
2998,0.116554766
2999,0.084520282
3000,0.447587024
3001,0.215270014
3002,0.118057821
3003,0.124139658
3004,0.595189426
3005,0.084520282
3006,0.135207221
3007,0.209616752
3008,0.209616752
3009,0.259597595
3010,0.626768793
3011,0.207926226
3012,0.101649624
3013,0.513706999
3014,0.078060801
3015,0.131269457
3016,0.065750675
3017,0.09465864
3018,0.103298831
3019,0.591941345
3020,0.072913927
3021,0.084520282
3022,0.540077039
3023,0.072913927
3024,0.604682712
3025,0.070720712
3026,0.259597595
3027,0.078154118
3028,0.07881305
3029,0.108583392
3030,0.124059474
3031,0.259597595
3032,0.619800908
3033,0.265250857
3034,0.138783662
3035,0.59250389
3036,0.448854653
3037,0.088793406
3038,0.209616752
3039,0.613208
3040,0.239527787
3041,0.263886581
3042,0.110994421
3043,0.067936152
3044,0.487018786
3045,0.336496685
3046,0.220304126
3047,0.079507267
3048,0.098982084
3049,0.084459764
3050,0.256742223
3051,0.101605762
3052,0.115048493
3053,0.084753401
3054,0.609101857
3055,0.608042304
3056,0.257348685
3057,0.074292324
3058,0.595721635
3059,0.164265761
3060,0.071826108
3061,0.246065684
3062,0.487018786
3063,0.087996838
3064,0.265250857
3065,0.068558625
3066,0.142327804
3067,0.104734134
3068,0.418860079
3069,0.11474404
3070,0.209616752
3071,0.138746146
3072,0.10218804
3073,0.106333012
3074,0.073989953
3075,0.095961482
3076,0.134962843
3077,0.259597595
3078,0.487018786
3079,0.628192689
3080,0.077752375
3081,0.629945554
3082,0.231325643
3083,0.445762263
3084,0.159206366
3085,0.100470503
3086,0.082652546
3087,0.554045227
3088,0.142044266
3089,0.077422511
3090,0.066030631
3091,0.089807985
3092,0.068283079
3093,0.090637
3094,0.485023717
3095,0.100317926
3096,0.082659183
3097,0.439972074
3098,0.124673077
3099,0.117689976
3100,0.588540779
3101,0.080181485
3102,0.193724825
3103,0.173982252
3104,0.118185568
3105,0.075480164
3106,0.097896097
3107,0.259597595
3108,0.117879046
3109,0.207926226
3110,0.119889754
3111,0.265250857
3112,0.608545018
3113,0.618671306
3114,0.612516779
3115,0.146456074
3116,0.085107664
3117,0.08382696
3118,0.131820068
3119,0.166114883
3120,0.115598793
3121,0.066442267
3122,0.597750846
3123,0.212711653
3124,0.255159004
3125,0.078472481
3126,0.259597595
3127,0.085415862
3128,0.114635759
3129,0.077422511
3130,0.091403014
3131,0.259597595
3132,0.685719378
3133,0.085312366
3134,0.587298458
3135,0.066442267
3136,0.071231395
3137,0.147525207
3138,0.639527719
3139,0.130521392
3140,0.071408331
3141,0.066442267
3142,0.485714734
3143,0.261282721
3144,0.083410913
3145,0.445207839
3146,0.058829743
3147,0.05617403
3148,0.098772415
3149,0.259597595
3150,0.104403821
3151,0.084086027
3152,0.464987
3153,0.101010722
3154,0.247894909
3155,0.556223107
3156,0.104697079
3157,0.077694305
3158,0.61998797
3159,0.102575427
3160,0.176549312
3161,0.143487186
3162,0.078148726
3163,0.613109033
3164,0.092756012
3165,0.19399535
3166,0.100085235
3167,0.079492442
3168,0.605402011
3169,0.259597595
3170,0.426704121
3171,0.259597595
3172,0.259486857
3173,0.082255857
3174,0.209616752
3175,0.09336709
3176,0.259597595
3177,0.634990697
3178,0.450147895
3179,0.430214186
3180,0.15340818
3181,0.209616752
3182,0.490665601
3183,0.102200474
3184,0.612939701
3185,0.097608756
3186,0.259597595
3187,0.208228428
3188,0.613409615
3189,0.632091209
3190,0.259597595
3191,0.086876185
3192,0.08595196
3193,0.667687414
3194,0.102867849
3195,0.44394021
3196,0.209616752
3197,0.625123634
3198,0.07356589
3199,0.248255365
3200,0.077999693
3201,0.072218756
3202,0.626062258
3203,0.23843526
3204,0.084520282
3205,0.452174609
3206,0.265250857
3207,0.235293779
3208,0.241717468
3209,0.259597595
3210,0.259597595
3211,0.626393068
3212,0.084777793
3213,0.209616752
3214,0.093528049
3215,0.084173078
3216,0.13275748
3217,0.078796814
3218,0.1468958
3219,0.625408313
3220,0.091439123
3221,0.591189578
3222,0.616178025
3223,0.612288946
3224,0.09062149
3225,0.105578293
3226,0.068629197
3227,0.220159244
3228,0.209212413
3229,0.079047479
3230,0.079196848
3231,0.132247229
3232,0.075906682
3233,0.058767355
3234,0.137156213
3235,0.606438645
3236,0.094876467
3237,0.089782197
3238,0.593222278
3239,0.090055929
3240,0.058767355
3241,0.101516624
3242,0.093102129
3243,0.148445283
3244,0.093173685
3245,0.439513573
3246,0.436048801
3247,0.445762263
3248,0.119575426
3249,0.561918145
3250,0.292056132
3251,0.56386909
3252,0.209616752
3253,0.119824044
3254,0.484447105
3255,0.083765176
3256,0.083765176
3257,0.631857909
3258,0.146393539
3259,0.0591448
3260,0.595695327
3261,0.485751157
3262,0.055796585
3263,0.259597595
3264,0.120000252
3265,0.093816048
3266,0.214303695
3267,0.215270014
3268,0.332566966
3269,0.096479782
3270,0.480514968
3271,0.072001009
3272,0.058829743
3273,0.089140611
3274,0.415811669
3275,0.58610823
3276,0.058829743
3277,0.611457337
3278,0.073995324
3279,0.587650179
3280,0.07204182
3281,0.573915899
3282,0.261282721
3283,0.209616752
3284,0.074606402
3285,0.102521731
3286,0.074971027
3287,0.101851409
3288,0.288228192
3289,0.289196538
3290,0.072154649
3291,0.209616752
3292,0.073260044
3293,0.147258426
3294,0.095711294
3295,0.102509298
3296,0.129698087
3297,0.259597595
3298,0.412652393
3299,0.138799502
3300,0.341963643
3301,0.606752775
3302,0.487018786
3303,0.556244294
3304,0.08419329
3305,0.209616752
3306,0.209616752
3307,0.600498463
3308,0.62776974
3309,0.488488724
3310,0.092903103
3311,0.451415524
3312,0.098845435
3313,0.088169216
3314,0.084340081
3315,0.214865675
3316,0.089268564
3317,0.14998997
3318,0.154729478
3319,0.081165313
3320,0.451415524
3321,0.072665332
3322,0.060468438
3323,0.418860079
3324,0.209616752
3325,0.076603248
3326,0.608046362
3327,0.571147112
3328,0.209616752
3329,0.083410913
3330,0.0818607
3331,0.072482714
3332,0.596666653
3333,0.621561004
3334,0.072913927
3335,0.259597595
3336,0.489397972
3337,0.614349269
3338,0.085540078
3339,0.207926226
3340,0.265251232
3341,0.099316509
3342,0.443589629
3343,0.102273136
3344,0.552435175
3345,0.084834284
3346,0.132747095
3347,0.259597595
3348,0.617683491
3349,0.485751157
3350,0.077886493
3351,0.567975908
3352,0.095179767
3353,0.259597595
3354,0.699038798
3355,0.259597595
3356,0.209616752
3357,0.149937096
3358,0.209616752
3359,0.077338952
3360,0.619805664
3361,0.100946808
3362,0.662002552
3363,0.227082618
3364,0.155098668
3365,0.481376902
3366,0.259597595
3367,0.259597595
3368,0.575870492
3369,0.130071743
3370,0.65467223
3371,0.156113719
3372,0.076291368
3373,0.085722406
3374,0.077939156
3375,0.593879813
3376,0.156786606
3377,0.12751494
3378,0.073609953
3379,0.084520282
3380,0.593454884
3381,0.105325462
3382,0.092756012
3383,0.626575603
3384,0.098219835
3385,0.475115643
3386,0.090426084
3387,0.250334998
3388,0.259597595
3389,0.218256118
3390,0.071408331
3391,0.590451184
3392,0.088617988
3393,0.083410913
3394,0.274087635
3395,0.626429969
3396,0.07147999
3397,0.077088985
3398,0.07562732
3399,0.102867849
3400,0.627316479
3401,0.101095078
3402,0.429288165
3403,0.137837126
3404,0.209616752
3405,0.095327904
3406,0.209616752
3407,0.242783476
3408,0.259597595
3409,0.075834426
3410,0.645914649
3411,0.579846005
3412,0.111578999
3413,0.103570006
3414,0.629138532
3415,0.095570744
3416,0.087401297
3417,0.620171022
3418,0.08860119
3419,0.091292768
3420,0.265250857
3421,0.288228192
3422,0.623656326
3423,0.259597595
3424,0.090841677
3425,0.145292507
3426,0.083410913
3427,0.072665332
3428,0.227082618
3429,0.090841677
3430,0.084520282
3431,0.599580894
3432,0.209212413
3433,0.485023717
3434,0.077033261
3435,0.070999592
3436,0.102341265
3437,0.093626329
3438,0.599308554
3439,0.292576407
3440,0.615300583
3441,0.115276408
3442,0.622260692
3443,0.302655052
3444,0.604585596
3445,0.209616752
3446,0.470915878
3447,0.139057571
3448,0.209616752
3449,0.083015756
3450,0.627646435
3451,0.175089756
3452,0.590739586
3453,0.209212413
3454,0.0591448
3455,0.107928136
3456,0.588249745
3457,0.597165054
3458,0.07147999
3459,0.186426365
3460,0.085278273
3461,0.216688298
3462,0.294766088
3463,0.653543568
3464,0.288228192
3465,0.092478617
3466,0.093102129
3467,0.134278956
3468,0.209616752
3469,0.071402918
3470,0.136536531
3471,0.259597595
3472,0.259597595
3473,0.077033261
3474,0.487018786
3475,0.096476013
3476,0.118381507
3477,0.209616752
3478,0.227082618
3479,0.261282721
3480,0.093415214
3481,0.209616752
3482,0.209616752
3483,0.487018786
3484,0.101094162
3485,0.067209953
3486,0.160809877
3487,0.607233084
3488,0.223957856
3489,0.439513573
3490,0.067942511
3491,0.083410913
3492,0.084440289
3493,0.155890178
3494,0.073260044
3495,0.216599004
3496,0.259597595
3497,0.10572244
3498,0.450147895
3499,0.486995168
3500,0.07049327
3501,0.101605762
3502,0.259597595
3503,0.619834328
3504,0.096811822
3505,0.225247969
3506,0.097344374
3507,0.140041679
3508,0.084520282
3509,0.614196136
3510,0.078396937
3511,0.623135377
3512,0.286038511
3513,0.095327904
3514,0.487018786
3515,0.487018786
3516,0.097625063
3517,0.438286948
3518,0.066604542
3519,0.209616752
3520,0.137549017
3521,0.157677826
3522,0.08369087
3523,0.259597595
3524,0.060468438
3525,0.068218057
3526,0.07666093
3527,0.259597595
3528,0.209616752
3529,0.61235192
3530,0.621959712
3531,0.621237403
3532,0.06932631
3533,0.114408931
3534,0.096476013
3535,0.076445481
3536,0.140596333
3537,0.065200494
3538,0.602747044
3539,0.64772797
3540,0.484805486
3541,0.628050564
3542,0.119278632
3543,0.620069509
3544,0.207926226
3545,0.146456074
3546,0.211301879
3547,0.256411031
3548,0.649512267
3549,0.101605762
3550,0.147930737
3551,0.596871221
3552,0.583299634
3553,0.151440251
3554,0.236245579
3555,0.140725941
3556,0.531796559
3557,0.61924137
3558,0.089281852
3559,0.119143515
3560,0.068558625
3561,0.624084798
3562,0.100190532
3563,0.624669309
3564,0.058829743
3565,0.095179767
3566,0.259597595
3567,0.151363628
3568,0.162671616
3569,0.586456434
3570,0.588317397
3571,0.142998513
3572,0.209616752
3573,0.07744015
3574,0.096477189
3575,0.602561846
3576,0.215270014
3577,0.11585495
3578,0.203834357
3579,0.176549312
3580,0.08382696
3581,0.095179767
3582,0.209616752
3583,0.139600794
3584,0.068283079
3585,0.05617403
3586,0.077338952
3587,0.259597595
3588,0.085187657
3589,0.055796585
3590,0.296789071
3591,0.227082618
3592,0.209616752
3593,0.618086681
3594,0.111578999
3595,0.146393539
3596,0.065750675
3597,0.622716245
3598,0.084393344
3599,0.225247969
3600,0.07204182
3601,0.259597595
3602,0.209616752
3603,0.265250857
3604,0.209616752
3605,0.113839624
3606,0.209616752
3607,0.080984855
3608,0.158352927
3609,0.475115643
3610,0.051561803
3611,0.093631672
3612,0.065355518
3613,0.072290415
3614,0.083229602
3615,0.614050185
3616,0.614821891
3617,0.259597595
3618,0.156113719
3619,0.096604988
3620,0.092039888
3621,0.234646945
3622,0.36527913
3623,0.670974206
3624,0.259597595
3625,0.051561803
3626,0.0740436
3627,0.370478897
3628,0.141553465
3629,0.209212413
3630,0.432775057
3631,0.632632726
3632,0.209616752
3633,0.135902968
3634,0.483537857
3635,0.07698469
3636,0.611581178
3637,0.131402164
3638,0.490665601
3639,0.261282721
3640,0.259597595
3641,0.592939439
3642,0.610714959
3643,0.091664466
3644,0.083765176
3645,0.481376902
3646,0.178452438
3647,0.626898647
3648,0.209616752
3649,0.447587024
3650,0.613010748
3651,0.085365312
3652,0.294885945
3653,0.638491086
3654,0.486995168
3655,0.259597595
3656,0.487018786
3657,0.075609643
3658,0.654238147
3659,0.087401297
3660,0.077016694
3661,0.622063456
3662,0.111738849
3663,0.099821648
3664,0.087742987
3665,0.227082618
3666,0.144545512
3667,0.143651476
3668,0.109901833
3669,0.263531549
3670,0.071408331
3671,0.575805835
3672,0.088090506
3673,0.08899959
3674,0.068085169
3675,0.087338775
3676,0.430581407
3677,0.10175333
3678,0.197649346
3679,0.209616752
3680,0.631070736
3681,0.077033261
3682,0.076222032
3683,0.209212413
3684,0.621650351
3685,0.068976401
3686,0.489397972
3687,0.13262714
3688,0.209616752
3689,0.412652393
3690,0.085187657
3691,0.259597595
3692,0.114529848
3693,0.124961152
3694,0.626850967
3695,0.426704121
3696,0.225247969
3697,0.211301879
3698,0.076637485
3699,0.089943678
3700,0.483756088
3701,0.215270014
3702,0.072290415
3703,0.612922428
3704,0.255159004
3705,0.261282721
3706,0.131820068
3707,0.215270014
3708,0.468011561
3709,0.255966329
3710,0.190772758
3711,0.605028567
3712,0.209616752
3713,0.209616752
3714,0.209616752
3715,0.109649465
3716,0.248599367
3717,0.622738949
3718,0.259597595
3719,0.622942076
3720,0.094208696
3721,0.259597595
3722,0.163154267
3723,0.429288165
3724,0.071408331
3725,0.065355518
3726,0.268279129
3727,0.061027981
3728,0.097857351
3729,0.598290261
3730,0.631570332
3731,0.072290415
3732,0.098203468
3733,0.227082618
3734,0.068892744
3735,0.622510909
3736,0.595087197
3737,0.055796585
3738,0.145325723
3739,0.083015756
3740,0.604991368
3741,0.227082618
3742,0.132574864
3743,0.633003112
3744,0.072913927
3745,0.259597595
3746,0.075480164
3747,0.090055929
3748,0.054761695
3749,0.612676526
3750,0.066132151
3751,0.209616752
3752,0.487018786
3753,0.61157399
3754,0.127469191
3755,0.086100857
3756,0.078137746
3757,0.601716251
3758,0.593944478
3759,0.092192446
3760,0.121390067
3761,0.231325643
3762,0.288228192
3763,0.082659183
3764,0.096508958
3765,0.259597595
3766,0.100434538
3767,0.632531427
3768,0.084078288
3769,0.140596333
3770,0.610578848
3771,0.137888025
3772,0.209616752
3773,0.080259176
3774,0.209616752
3775,0.553965091
3776,0.094010897
3777,0.066166722
3778,0.055796585
3779,0.072842268
3780,0.624126856
3781,0.08724557
3782,0.209616752
3783,0.607506876
3784,0.209616752
3785,0.259597595
3786,0.259597595
3787,0.632202571
3788,0.450147895
3789,0.085579086
3790,0.652884291
3791,0.131803757
3792,0.631772818
3793,0.085834093
3794,0.119630381
3795,0.084520282
3796,0.209616752
3797,0.084494335
3798,0.066642861
3799,0.573999825
3800,0.209616752
3801,0.209616752
3802,0.149524802
3803,0.563666453
3804,0.082790973
3805,0.103539051
3806,0.209212413
3807,0.071630384
3808,0.209616752
3809,0.589311064
3810,0.615584139
3811,0.051561803
3812,0.209616752
3813,0.115453809
3814,0.065130734
3815,0.067729611
3816,0.111815161
3817,0.072913927
3818,0.117557943
3819,0.236245579
3820,0.066512839
3821,0.607493158
3822,0.571778362
3823,0.120162456
3824,0.074393278
3825,0.055796585
3826,0.089268564
3827,0.173632345
3828,0.235061424
3829,0.621616028
3830,0.685143963
3831,0.091775754
